Workbook

Sheet Orçamento
A1: ORÇAMENTO — Composição de Custo Previsto
A2: Descrição / Especificação | B2: Unidade | C2: Quantidade (m³) | D2: Valor Unitário (R$) | E2: Valor Total (R$)
A3: CONCRETO USINADO FCK 30MPA - SUBSOLO 02 | B3: m³ | C3: 180 | D3: 870 | E3: =IF(AND(C3="",D3=""),"",C3*D3) -> 156600
A4: CONCRETO USINADO FCK 30MPA - SUBSOLO 01 | B4: m³ | C4: 172 | D4: 870 | E4: =IF(AND(C4="",D4=""),"",C4*D4) -> 149640
A5: CONCRETO USINADO FCK 30MPA - TERREO | B5: m³ | C5: 165 | D5: 870 | E5: =IF(AND(C5="",D5=""),"",C5*D5) -> 143550
A6: CONCRETO USINADO FCK 30MPA - MEZANINO | B6: m³ | C6: 125 | D6: 870 | E6: =IF(AND(C6="",D6=""),"",C6*D6) -> 108750
A7: CONCRETO USINADO FCK 30MPA - PAV 02 | B7: m³ | C7: 158 | D7: 870 | E7: =IF(AND(C7="",D7=""),"",C7*D7) -> 137460
A8: CONCRETO USINADO FCK 30MPA - PAV 03 | B8: m³ | C8: 158 | D8: 870 | E8: =IF(AND(C8="",D8=""),"",C8*D8) -> 137460
A9: CONCRETO USINADO FCK 30MPA - PAV 04 | B9: m³ | C9: 158 | D9: 870 | E9: =IF(AND(C9="",D9=""),"",C9*D9) -> 137460
A10: CONCRETO USINADO FCK 30MPA - PAV 05 | B10: m³ | C10: 158 | D10: 870 | E10: =IF(AND(C10="",D10=""),"",C10*D10) -> 137460
A11: CONCRETO USINADO FCK 30MPA - PAV 06 | B11: m³ | C11: 158 | D11: 870 | E11: =IF(AND(C11="",D11=""),"",C11*D11) -> 137460
A12: CONCRETO USINADO FCK 30MPA - COBERTURA | B12: m³ | C12: 119 | D12: 870 | E12: =IF(AND(C12="",D12=""),"",C12*D12) -> 103530
E13: =IF(AND(C13="",D13=""),"",C13*D13)
E14: =IF(AND(C14="",D14=""),"",C14*D14)
E15: =IF(AND(C15="",D15=""),"",C15*D15)
E16: =IF(AND(C16="",D16=""),"",C16*D16)
E17: =IF(AND(C17="",D17=""),"",C17*D17)
E18: =IF(AND(C18="",D18=""),"",C18*D18)
E19: =IF(AND(C19="",D19=""),"",C19*D19)
E20: =IF(AND(C20="",D20=""),"",C20*D20)
E21: =IF(AND(C21="",D21=""),"",C21*D21)
E22: =IF(AND(C22="",D22=""),"",C22*D22)
E23: =IF(AND(C23="",D23=""),"",C23*D23)
E24: =IF(AND(C24="",D24=""),"",C24*D24)
E25: =IF(AND(C25="",D25=""),"",C25*D25)
A26: TOTAL | C26: =SUM(C3:C25) -> 1551 | E26: =SUM(E3:E25) -> 1349370

Sheet Visão Física
A1: VISÃO FÍSICA — Evolução por Pavimento / Elemento
A2: Elemento | B2: Pavimento / Fase | C2: Data Concretagem | D2: Vol. Previsto (m³) | E2: Vol. Realizado (m³) | F2: % Execução
A3: Estrutura de Concreto | B3: SUBSOLO 02 | C3: 46162.125 | D3: 180 | E3: 180 | F3: =IF(D3="","",IFERROR(E3/D3,"")) -> 1
A4: Estrutura de Concreto | B4: SUBSOLO 01 | C4: 46213.125 | D4: 172 | E4: 130 | F4: =IF(D4="","",IFERROR(E4/D4,"")) -> 0.75581395
A5: Estrutura de Concreto | B5: TERREO | D5: 165 | E5: 0 | F5: =IF(D5="","",IFERROR(E5/D5,"")) -> 0
A6: Estrutura de Concreto | B6: MEZANINO | D6: 125 | E6: 0 | F6: =IF(D6="","",IFERROR(E6/D6,"")) -> 0
A7: Estrutura de Concreto | B7: PAV 02 | D7: 158 | E7: 0 | F7: =IF(D7="","",IFERROR(E7/D7,"")) -> 0
A8: Estrutura de Concreto | B8: PAV 03 | D8: 158 | E8: 0 | F8: =IF(D8="","",IFERROR(E8/D8,"")) -> 0
A9: Estrutura de Concreto | B9: PAV 04 | D9: 158 | E9: 0 | F9: =IF(D9="","",IFERROR(E9/D9,"")) -> 0
A10: Estrutura de Concreto | B10: PAV 05 | D10: 158 | E10: 0 | F10: =IF(D10="","",IFERROR(E10/D10,"")) -> 0
A11: Estrutura de Concreto | B11: PAV 06 | D11: 158 | E11: 0 | F11: =IF(D11="","",IFERROR(E11/D11,"")) -> 0
A12: Estrutura de Concreto | B12: COBERTURA | D12: 119 | E12: 0 | F12: =IF(D12="","",IFERROR(E12/D12,"")) -> 0
F13: =IF(D13="","",IFERROR(E13/D13,""))
F14: =IF(D14="","",IFERROR(E14/D14,""))
F15: =IF(D15="","",IFERROR(E15/D15,""))
F16: =IF(D16="","",IFERROR(E16/D16,""))
F17: =IF(D17="","",IFERROR(E17/D17,""))
F18: =IF(D18="","",IFERROR(E18/D18,""))
F19: =IF(D19="","",IFERROR(E19/D19,""))
A20: TOTAL | D20: =SUM(D3:D19) -> 1551 | E20: =SUM(E3:E19) -> 310 | F20: =IFERROR(E20/D20,"") -> 0.19987105

Sheet Apropriação
A1: APROPRIAÇÃO — Notas Fiscais Lançadas
A2: Data NF | B2: Nº NF | C2: Fornecedor | D2: Descrição / FCK | E2: Volume (m³) | F2: R$ / m³ | G2: Valor Total (R$)
A3: 46157.125 | B3: 45231 | C3: Concrelix Concreto Usinado | D3: Concreto Usinado FCK 30MPa bombeado - Subsolo 02 | E3: 150 | F3: 925 | G3: =IF(AND(E3="",F3=""),"",E3*F3) -> 138750
A4: 46175.125 | B4: 45389 | C4: Concrelix Concreto Usinado | D4: Concreto Usinado FCK 30MPa bombeado - Subsolo 01 | E4: 120 | F4: 930 | G4: =IF(AND(E4="",F4=""),"",E4*F4) -> 111600
A5: 46193.125 | B5: 12087 | C5: Supermix Concreto | D5: Concreto Usinado FCK 25MPa bombeado - Subsolo 01 | E5: 100 | F5: 935 | G5: =IF(AND(E5="",F5=""),"",E5*F5) -> 93500
A6: 46213.125 | B6: 12144 | C6: Supermix Concreto | D6: Concreto Usinado FCK 25MPa bombeado - Terreo | E6: 65 | F6: 940 | G6: =IF(AND(E6="",F6=""),"",E6*F6) -> 61100
G7: =IF(AND(E7="",F7=""),"",E7*F7)
G8: =IF(AND(E8="",F8=""),"",E8*F8)
G9: =IF(AND(E9="",F9=""),"",E9*F9)
G10: =IF(AND(E10="",F10=""),"",E10*F10)
G11: =IF(AND(E11="",F11=""),"",E11*F11)
G12: =IF(AND(E12="",F12=""),"",E12*F12)
G13: =IF(AND(E13="",F13=""),"",E13*F13)
G14: =IF(AND(E14="",F14=""),"",E14*F14)
A15: TOTAL | E15: =SUM(E3:E14) -> 435 | G15: =SUM(G3:G14) -> 404950

Sheet Resultados
B1: RESULTADOS Perda de Concreto & Projeção de Custo
B3: 1. TOTAIS
B4: Qtd Orçada (m³) | C4: =Orçamento!C26 -> 1551
B5: Valor Orçado (R$) | C5: =Orçamento!E26 -> 1349370
B6: Qtd Medida em obra (m³) | C6: ='Visão Física'!E20 -> 310
B7: Qtd Apropriada notas fiscais (m³) | C7: =Apropriação!E15 -> 435
B8: Valor Apropriado notas fiscais (R$) | C8: =Apropriação!G15 -> 404950
B10: 2. CÁLCULOS INTERMEDIÁRIOS
B11: Vlr. Unitário Orçado (R$/m³) | C11: =IFERROR(C5/C4,"") -> 870
B12: Vlr. Unitário Apropriado (R$/m³) | C12: =IFERROR(C8/C7,"") -> 930.91954
B13: % Físico Medido (Qtd Medida ÷ Qtd Orçada) | C13: =IFERROR(C6/C4,"") -> 0.19987105
B15: 3. RESULTADO
B16: Perda de Quantidade (%) | C16: =IFERROR((C7-C6)/C6,"") -> 0.40322581
B17: Desvio de Preço (%) | C17: =IFERROR((C12-C11)/C11,"") -> 0.07002246
B18: Desvio de Custo Total (%) | C18: =IFERROR((C8-(C6*C11))/(C6*C11),"") -> 0.50148313
B19: Projeção de Custo Final EAC (R$) | C19: =IFERROR(C8/C13,"") -> 2026056.3
B20: Δ R$ vs Orçado | C20: =IFERROR(C19-C5,"") -> 676686.29
